X,Y,Z,River_mouth_Lengh_m,Flexure_m,Accumulation_m,Flexure_min_m,Flexure_mean_m,Flexure_max_m
0.0,0.0,0.0,0.0,0.0,0.0,0.0,0.0,0.0
2086378.6652598938,1006837.5473094003,-0.2945184840897758,2269505.072332679,-3.0801702515483806,-27.58664273761956,-12.011409683138748,-2.597086707327,3.2030748263639337
2088389.9127696853,1016447.2597724278,-0.2675758783679345,2279322.999311818,-5.4020757546592515,-44.510976077968245,-24.78572330794713,-5.336654938106335,7.303052533959748
2117287.92513306,988865.4896597528,-0.4588663262832633,2306284.327176349,-14.677672387700133,-6.4823131318141645,-37.501482301991466,-11.136700996808864,10.372624211393385
2082580.1857668944,995324.6396420901,-0.024277891525797124,2269827.7475808533,-7.336745151744212,10.753737342283559,-49.89240460153655,-9.231409213362534,15.312331023394746
2069499.6390509254,992737.7942165041,-0.03899268111925359,2256493.8632389028,-4.297938496317826,-52.497084010190896,-60.41192981303398,-8.305344416916906,19.986691505768565
2069499.6390509254,992737.7942165041,-0.030364892901498502,2256493.8632389028,-3.9367225751515464,-53.76490091797194,-72.05556699952388,-9.215167266092477,24.22971468834914
2069499.6390509254,992737.7942165041,-0.008361426620779057,2256493.8632389028,-3.6557945174954454,-54.945074082231166,-83.86462013384094,-10.10920312476646,28.66155940534645
2082580.1857668944,995324.6396420901,-0.027007693893737448,2269827.7475808533,-8.050203325210685,4.8661682551824486,-100.18900045811371,-14.806557595859708,32.06506731339794
2082580.1857668944,995324.6396420901,-0.004286547757748987,2269827.7475808533,-7.694819879937629,3.3994839115619087,-112.11932608117675,-15.662500652029555,36.325857328242236
2082580.1857668944,995324.6396420901,-0.0042233316650341565,2269827.7475808533,-7.280375207616461,1.9395837172736787,-124.03269063230555,-16.448177531674354,40.52847475957094
2091872.3306246526,996099.2745531795,-0.0068865491602868355,2279152.125056215,-12.737204127311898,18.75567936624981,-138.12878470518302,-21.306723408211166,43.90718138919137
2099593.4637943436,990871.6443176962,-0.06635330417765059,2288476.502531578,-17.46108807387925,-34.83419624517764,-150.2945713979207,-25.547474947265115,47.981423568013525
2099593.4637943436,990871.6443176962,-0.053658682169967255,2288476.502531578,-17.258895176498882,-35.10848778818713,-161.22186296989108,-26.405645129399446,52.052789395971764
2099593.4637943436,990871.6443176962,-0.04756997837268329,2288476.502531578,-16.93519136894681,-35.48988718724994,-172.07102891646775,-27.136100559558553,56.13200164452924
2099593.4637943436,990871.6443176962,-0.010224613023838872,2288476.502531578,-16.4512402464905,-35.98508453504531,-182.28814684219324,-27.65495473636956,60.209631050527534
2117287.92513306,988865.4896597528,-0.04889351087195362,2306284.327176349,-35.15871800704301,9.291629911579603,-202.39797001742397,-39.2278787921036,61.23777162089439
2117287.92513306,988865.4896597528,-0.028705579447754953,2306284.327176349,-35.20543545781575,9.355472871449981,-212.80169621206792,-40.058380326278254,65.16593807584896
2117287.92513306,988865.4896597528,-0.005884074984129517,2306284.327176349,-35.09814095924375,9.27451955603438,-222.73374622053248,-40.706741527274296,69.06620499367587
2127979.4985894724,984491.0727713844,-0.05590991046416145,2317836.1783737587,-42.417492571858375,8.870353440935627,-237.88594744051184,-49.53657798488107,71.40756370689111
2127979.4985894724,984491.0727713844,-0.03386617389290133,2317836.1783737587,-42.28762403201826,8.82228837621056,-247.24232303354208,-50.22908362698022,75.19851063439758
2266303.617780543,897390.25035317,-9.66452276831351,2526311.7266771486,-197.15934841717694,448.7924281619869,-288.8925449057218,-161.50089697096956,21.203290964725852
2195932.6225856696,922565.1869137046,-6.744062988219692,2418352.5304957856,-124.9896602583408,282.0386359421077,-295.8179225527642,-109.46007790385862,61.66216711551913
2088389.9127696853,1016447.2597724278,4.668827757176062,2280708.2608506735,1.6092112635070648,-66.23592760798638,-232.77920930586396,-17.633854861498776,90.45470531150511
2127979.4985894724,984491.0727713844,8.688174379757012,2329808.512443884,-45.549611248606745,21.0503731597521,-280.88357498233404,-55.245174146040036,84.83402320241078
2242733.4769326886,1019164.6486033886,-2.8014705561158246,2475881.4523995323,-188.42382075509724,418.2443854789288,-346.71757686161584,-166.03634556837508,35.744747856878156
2283284.92933818,1071696.0335406235,-9.629124150139631,2578352.2232042607,-226.91780517891465,501.84628422431507,-352.8416801797851,-195.5291408277685,11.820479825241996
2240483.9724727096,1003727.5672466506,-5.969004346795069,2460281.33217147,-193.87619592723965,424.9895634654428,-362.9272295250798,-170.79020872571664,39.4111119066541
2140946.285293712,981039.5288096854,5.087500167011972,2343226.8101433977,-57.98111090931709,64.41895101560932,-322.2034850976826,-67.931394913806,92.4217148645235
2152673.924175721,966518.1939065884,9.070514899721546,2368772.6972432123,-73.70974563312775,172.47540510503572,-341.4731984169798,-82.02907913006055,92.26413504114731
2266303.617780543,897390.25035317,-0.04886399724021335,2546568.7885043854,-235.66146225581136,498.3344692998006,-408.4944666969106,-207.1928558173621,33.97247748788583
2310070.826712465,827474.6985448509,-9.504176727117851,2636243.630198607,-272.79481462517913,580.5642139404991,-414.7530893174732,-240.33861558890064,1.4792853898217793
2218394.674967425,916651.0259518618,-5.9254824203098995,2485636.1858350895,-167.50182537165767,354.9085918410806,-397.12695911869827,-155.4400341435933,71.63188475089429
2126232.32993405,968298.5185067029,5.7054419341803655,2331470.252088321,-38.12974442669083,12.285389898054849,-320.52842705029303,-49.66999237289379,115.28538688158608
2165868.8573134746,998963.7249759361,9.460435643892332,2424558.000447663,-101.71309702403524,241.8940370148647,-373.99882108128554,-97.51401397170208,99.56539113995338
2277879.2815429047,1105252.6955804955,-0.46462912508553084,2617062.3347938797,-249.74914452909314,529.9276170939214,-436.21153491286174,-221.2306381152231,36.58378107133669
2344879.7450362905,1086330.6486896893,-9.696075906762964,2699926.858079099,-332.0820171546839,701.6266395192398,-464.0470869097299,-299.98554917854074,-47.699327971542154
2234072.2580896523,1075371.8000347195,-6.172049516925425,2554551.0552615635,-184.42691162628526,388.58889405769116,-435.8655794601399,-178.41744585741796,72.86387394354556
2138666.586918842,990487.9180085034,5.629126948785796,2395721.5100987796,-50.19471887424673,57.28138561184391,-350.07594216678484,-62.35337530750066,124.41466059332606
2201824.7405322874,961572.0170599024,9.142612609276082,2438312.2720004143,-150.06528109586662,329.76537664773707,-442.77901648972636,-147.98999972000675,93.1409615050453
2324695.2111959816,897440.286331196,-0.9510041368295835,2618381.0565300444,-333.2926252982679,679.246877022573,-527.0353037089515,-311.6132989601367,-22.17251933750551
2399100.2216999503,953545.1713213508,-9.600763039974815,2719197.492558956,-448.14266768518513,929.7849852925284,-549.7638597839948,-404.3018978045316,-145.37457404031443
2303774.148620377,916244.0109083981,-5.93837648693308,2586939.043546221,-308.2186595019924,620.1120947629853,-546.8874727324045,-291.21738555932944,4.820178557319152
2239633.256388999,983836.365836532,5.756029897127506,2491871.6089025363,-213.7289529947576,449.6241686413609,-501.96657400604266,-204.8820905308288,74.34400751633369
2205246.549680832,1016413.7018762,9.15747439676822,2419485.5084257317,-165.92829721300407,360.49753979677774,-470.9158658348221,-155.3810405763242,100.266142369726
2265403.405742764,814825.5651423828,-0.21554902953489657,2696997.981178995,-246.0988408559754,500.7158707050651,-524.2758782864335,-224.76572546011494,75.86057917531008
2304259.3283917,678637.8613344994,-9.660382885979628,2892654.2530711265,-253.30321893879673,525.7062100680009,-505.4724303749036,-238.00566858342341,64.25988961073394
2265403.405742764,814825.5651423828,-5.928160707645267,2696997.981178995,-245.97226755783993,496.890965069807,-525.174061138976,-226.0152456188429,80.08772373787407
2258806.0201002485,930255.1340072079,5.496934020644441,2556147.0889614644,-248.55591335768517,508.4290347207276,-537.9503430737185,-235.17705837195825,65.94133906249193
2248677.530314004,1033587.9623880251,9.17957883444931,2474314.2552258773,-231.81555456859058,482.1791217338721,-529.2857776470448,-220.10482464618747,74.77248038209264
2388687.2803758797,932691.2912976922,-0.5317496006294977,2690008.8376979716,-466.7346226429971,938.8605527436254,-647.2412163007643,-432.64255904321715,-124.68355123917435
2444368.8362795305,878394.1519685478,-9.619467440600177,2781388.130760492,-531.5709566772695,1075.5690283405668,-672.0695260677142,-500.203240902551,-212.35146563049878
2399100.2216999503,953545.1713213508,-6.4837458032445685,2678832.1589028565,-484.65742082521797,971.1863081447133,-683.423027934711,-453.10050644266664,-143.9410842711482
2296684.4066841314,1003226.1736089488,4.334128927013615,2552472.1416472886,-326.2283736061239,660.4208766685068,-615.7054061199915,-302.08874719742346,19.038820089964304
2244855.133411236,971887.5760400315,8.992730661454559,2459672.7234594105,-219.0026494662652,458.2337901811618,-558.8331096828701,-220.07825463102307,81.53428564808254
2418089.06426807,1036571.022892942,-2.2161576927850084,2703609.0845481134,-518.0779960035195,1044.1923415456279,-717.5118302458117,-484.9256307105442,-171.09809995124948
2419631.742950352,1142910.0506866372,-10.044835772374418,2839850.613492372,-491.74947532368145,993.4862220660489,-697.8322806306684,-459.4759792966952,-159.77438830874405
2371841.544491053,1005362.9278932875,-6.020116573113977,2629985.1088389326,-445.069581371561,887.6818276299756,-702.7159035767204,-426.3088360996663,-104.44330954171551
2269249.8759185444,987774.0716565124,5.630294237618297,2507546.33501859,-274.603599603552,561.863686127854,-594.6434590850992,-260.1413023665353,62.09457639757899
2277205.0368509195,938126.7075269558,9.276434170625883,2535145.91055433,-286.22610238147973,579.351836256803,-614.0110589869702,-274.02878302263275,55.31413931649543
2437900.671350796,889075.9788292042,-3.696050294328912,2781376.534421482,-561.8521189840151,1116.9798826908811,-771.4285024397536,-530.9212713435153,-206.08259744389863
2488682.9094498684,818779.2293746037,-9.730376927824802,2923067.7373749595,-621.4826625138475,1248.9794213696728,-791.9470352116574,-586.4852346494044,-284.2474936838857
2400669.515303453,874457.162712905,-6.376864497323782,2734989.8374961726,-492.66770999280106,966.7422358001726,-767.9935612087864,-477.4656775145528,-133.57752654501414
2338960.075914737,924985.8011611778,5.130990477323662,2609703.178978091,-395.3520162676398,782.8410377515709,-703.6991958119626,-381.41011557362833,-29.37976965129576
2248992.6187080084,889067.4448866696,9.318587415747103,2567417.64396549,-229.49966501327773,472.5549455115265,-574.6776750604338,-221.1079039273318,105.90911694038265
2371797.4266717937,756474.8309670066,-0.9150000123392629,2940790.5586076807,-421.04542877125704,826.1018882793733,-737.6885624025209,-414.796848090399,-48.434506870226656
2518778.0016441853,759570.1850814109,-9.95768317901197,3122323.2976339627,-670.4980822566057,1347.47588725997,-845.3827264526775,-635.241196580243,-330.03015253513297
2390853.094902589,765070.4666023116,-6.022588894070206,2962392.617080977,-469.110659363809,917.0822936897251,-773.5287206524946,-450.7526138922473,-84.65304359101553
2260418.1706628692,755389.4906661636,5.616027937163581,2721301.3848568294,-217.774572797828,452.2645161148918,-590.1941727660898,-216.87607360130056,136.7430758043102
2282049.862412742,1054126.7974771154,9.452204446942993,2568811.424682498,-284.7775218350433,579.3048750805624,-630.3743681527924,-281.0974074184774,57.80329740444957
2344008.09389042,1246117.9482010675,-0.4244616706923243,2861222.140361923,-355.362162479812,711.7769535009813,-645.8991897497037,-344.8560681376044,9.964647503889562
2439430.727627568,1276083.0842798485,-9.65593234604185,2986177.6390781263,-505.9701563040686,1026.9243413202776,-719.371601625132,-475.6072743247083,-158.9461502174253
2371443.192904773,1240620.7552631437,-6.446466978601178,2878219.844908961,-410.41527184432516,813.7290770912808,-691.7675286266127,-395.9630063567922,-44.30140731806572
2278708.412746084,1140890.4595043047,5.02813738681328,2675390.3885953818,-270.87355886721053,548.8338159691933,-611.2409477982519,-261.34925685089456,95.64847388521397
2314714.655024342,856636.4857420211,9.40283638609636,2619998.5199644677,-333.6032846114403,664.6265483513713,-692.760354465245,-334.9473904788542,31.799526127217142
2485027.0213330584,744171.2079880439,-0.3881509713145946,2871771.961177813,-642.4693568443059,1273.7014144949835,-877.8183549460783,-608.996854515483,-266.5626360091537
2467408.375729878,581344.189269019,-9.773688394602837,3097545.562615837,-559.1154950006108,1117.5207614890016,-818.2586099727404,-525.1349849904356,-184.99328080127762
2495446.705371756,740485.5627199538,-5.950691530715988,2882824.282043065,-651.8391223449721,1290.3143709164608,-884.2861265399629,-625.9369864297781,-281.43212692677645
2380291.7623013468,814207.9278418255,5.73032469577639,2734216.1133570867,-458.1245556469087,899.3735614929532,-796.050276832353,-449.9552608169015,-78.63578159113771
2305964.9884949327,804352.0263178621,9.373580434126088,2677062.2147570155,-322.9526793024539,644.4489594529094,-679.2331708795441,-312.5391580127011,71.30350659357612
2368769.232052274,582847.1369587899,-0.5782680577251822,3038927.8672527256,-393.1520367740903,774.356720762031,-735.8204150901499,-378.92113827621233,16.218553946825384
2443723.8884359966,487989.8978796308,-10.380798091582218,3223821.725258673,-495.0879038958799,984.9548203595508,-788.2660774807376,-471.459565002293,-112.82717347398794
2425166.9950026996,563390.4444143665,-6.59063520676906,3104903.754663282,-497.771510712928,977.6013297569872,-804.1570129580223,-476.1767501149571,-96.07079362415396
2335462.3213754892,814713.3950819244,5.609216067046676,2711389.330257032,-379.9086074850681,750.7483509106771,-722.9899994153145,-367.99569396554375,15.208477200921132
2311187.597124896,999842.538926973,9.497467681408754,2583682.8760850066,-343.83644318546834,695.0677601619158,-694.3964865231345,-337.6065225132788,12.488974949486401
2466808.378452891,1008732.4258451172,-0.5505172303757457,2794003.6037445897,-624.1610461148927,1245.97396712228,-895.2743693018965,-605.8744144589162,-267.60575872885903
2551324.1013179687,1069910.9581620279,-10.806185110191183,2956780.9585159086,-751.9566876643846,1519.2417440230083,-958.6764484214821,-725.7851261305292,-420.51449747692385
2487906.560800058,982528.1082271446,-6.750802521470956,2831457.8419346446,-663.3260052739234,1320.680965532892,-938.4657951174981,-644.7094373591372,-305.2740557101683
2311187.597124896,999842.538926973,5.754375880347101,2583682.8760850066,-343.05073861043985,690.7158517357599,-704.5628101581397,-337.7460774685671,14.940010160555646
2346685.8843261083,951243.7726310071,9.478250495364808,2613623.4226961583,-419.0441815393582,832.8149363964417,-764.8779386386532,-403.3364719364239,-31.513207506494215
2521470.852548951,785793.6564643991,-0.9314123716246656,2908567.6967790592,-706.1969279611812,1398.782025883698,-986.6278938897482,-696.4071367542525,-347.59934154314226
2610021.1568394266,792830.5549927478,-9.57201422071541,3007548.2715235986,-858.3566684500565,1727.579098460298,-1058.0787478830955,-833.6328346993358,-517.7909979268678
2496649.2375680017,825280.7669033099,-6.2086089063793075,2859792.6572020175,-678.3442866707021,1336.9085268402287,-988.392947718673,-663.5041832016752,-303.7510587821278
2346685.8843261083,951243.7726310071,5.594589105167713,2613623.4226961583,-417.8700312346392,828.9499858992675,-769.8545525317483,-402.6537940658739,-29.848893790187923
2370342.4284931403,878495.7324970536,9.408045068205638,2666020.3341389643,-449.91048432705344,887.4045305884567,-817.8530884563617,-444.5492115371908,-68.73550409096384
2543698.567447375,689798.197647398,-1.9074774198382598,3048373.7761838324,-739.0224763695692,1462.4598324162587,-1044.6229323197192,-729.7724253670306,-367.21900593374403
2635196.2191749825,748215.9226667626,-9.555688160460925,3198899.5156374048,-922.3671559610855,1848.7221688129912,-1143.8537889637253,-888.703256522033,-550.6397544444885
2574370.090954511,743280.5229589468,-6.978438456097591,3086368.545036727,-800.06135769227,1581.7079104774807,-1115.5855811952913,-795.7009403040873,-436.86706679309276
2388451.7792873518,850472.061373466,5.860857674486302,2695435.9116556947,-480.42050485759313,944.5289756046365,-843.7878232355172,-474.0096376795615,-92.31597421375179
2379418.835668791,773079.6229054156,9.345809986292863,2801872.289261239,-448.0959319689993,882.2487464306395,-819.9032143998272,-446.64716386810034,-48.0551341776655
2524032.113557362,580063.3148357624,-1.5791931390465612,3204163.190979186,-680.9554607772432,1342.7819355415247,-1029.358761092407,-679.5805890986368,-305.0400748930969
2606745.4331785026,540329.2801341497,-9.812223469663872,3351093.8800482885,-830.4719000122279,1660.5000893519525,-1106.301519639848,-801.484379334646,-463.0498214463196
2511155.7930327808,610147.6035225658,-5.931708177154418,3167544.4345663157,-668.4935503710657,1309.139370355342,-1028.8957851354917,-666.9316305602185,-294.53254353943873
2483078.886205079,706398.7643807946,5.5441485588430055,3017484.718751933,-639.1906380765133,1257.037675335327,-1011.6034000367854,-635.3670096629447,-252.47695387209376
2402645.430738394,977378.2720215847,9.19529902787877,2758766.130601227,-511.9186471832331,1019.0257592591961,-875.5552870016371,-508.4073027900083,-151.70985742450227
2564109.6952001657,1081309.2600385828,-3.154500887409824,3037415.020945391,-793.6721096767974,1592.23517772035,-1086.8950125833649,-781.6720703225975,-442.5482976991304
2625509.486635062,1107819.12787943,-9.70008574076748,3163175.846181636,-898.8789858584028,1820.052502745027,-1138.2106094106362,-871.797412353702,-549.1684128969474
2535299.7938930555,1063859.985666517,-6.043303437631023,3003157.601510206,-755.3372910747563,1505.0858938380397,-1069.6960712816965,-740.3659569621439,-389.51293685617355
2399100.2216999503,953545.1713213508,5.502285278998255,2734669.833536912,-507.9363697796282,1006.6975916919167,-864.1819026699363,-500.2309857170554,-133.14621095717473
2340648.258291275,1044253.6102872628,9.425547385179021,2811998.0677349768,-403.1139795629234,803.9799026786357,-769.1821383043842,-391.524319870027,-23.130040099019414
2482245.0126542356,1208378.2005384178,-1.6369509779048579,3218131.3567103255,-634.0116046567305,1249.3528812378133,-980.6432257253548,-631.6772349573731,-265.7020020492778
2594331.3413446518,1290598.2577388727,-9.510002380032303,3385547.3439899865,-811.8712919752476,1628.375354781635,-1090.0389304296248,-794.8015788267649,-461.31195188951375
2518432.4028541883,1243352.82396858,-6.5755415396272925,3272560.3693708335,-695.3569026664588,1372.5476177988905,-1027.999663475092,-688.0737125673252,-327.2654620997586
2320425.9627922145,1107469.762729732,5.654703398302084,2884036.471185015,-348.33361525213684,693.7761007056405,-726.342740049189,-347.42970752069925,32.021264749393374
2361629.4745089905,1111728.0621726357,9.135656314586774,2783038.1672894056,-429.0592616364197,849.2801324962358,-803.2381236000194,-425.8559032360364,-49.20822853280817
2496100.279565376,1221316.352359635,-0.3473928447026463,3243723.11417558,-673.3452450069526,1325.9447091040402,-1015.5292891272719,-659.1396465038252,-287.13014814354625
2661798.962635084,1258484.2178698296,-10.076679596209082,3478216.6790657653,-954.7298168728164,1922.1154222221262,-1200.2736588571763,-931.8398332876753,-597.6044571405363
2543861.086796224,1242349.4180358704,-5.984577158461397,3323285.601831594,-745.7582012266527,1471.6050314949043,-1102.937267990963,-743.5345855840814,-379.1950360269841
2310563.713524387,1198426.43269732,5.504910603201528,2887970.8160225623,-319.31945672416106,638.7056103898589,-697.3675351531186,-313.27600643449205,95.63256198974979
2405156.953448955,1054246.0612412111,9.245108055759692,2780839.62865256,-529.4756954440969,1050.0902894508324,-884.0772054211772,-512.6703820617743,-141.1900673667265
