X,Y,Z,River_mouth_Lengh_m,Accumulation_m,Accumulation_max_m,Total_accumulation
0.0,0.0,0.0,0.0,0.0,0.0,0.0
2095914.7115940875,1004501.8438864843,-18.152490935062648,1715486.9181470932,0.004224125565209104,0.0,0.0
2148028.284324738,1001378.0188572089,-1.0302372104801403,2361197.390139723,93.30004046981861,14.675563583392995,-1.441826327741725
2148028.284324738,1001378.0188572089,-0.01156264865804965,2361197.390139723,93.39156266299594,32.032028198444294,-50.75294406855034
2148028.284324738,1001378.0188572089,-1.6390873093741179e-06,2363073.2137892935,93.40989614461516,43.69011725911083,-5.8498173981760795
2169664.479249574,1019179.0124717883,-2.0937796775383803e-05,2394270.7070934605,126.34598339077891,59.80648317164006,29.133213559303606
2181341.973099666,1019150.4801760189,-0.0037917184048027576,2405948.2358008046,139.84800490427193,67.46649360027469,-155.18191039446003
2175634.2387999813,997687.9774168159,-0.00018598783549108108,2416783.069906937,144.43661801961497,81.20848114997216,-112.49381988109795
2183056.3721402166,1004161.1639652929,-3.2213347830091514e-09,2415751.985093879,144.4368424010443,87.14202081646951,104.8913420847111
2193722.241329469,998999.7465615077,-6.446883207608591e-07,2436446.722103958,156.17623075384816,92.06132059941696,-274.0397987692772
2211540.544439087,984633.2364613604,-0.0011603170505635324,2464804.6840900676,186.2452379269065,100.07953584502226,7.312639027289268
2219287.359358691,1017857.701558614,-1.2317243839835133e-06,2444536.8788266648,195.48664034603743,115.36279303420629,129.64178277375538
2203919.097860776,974266.9215533704,-1.9070500799327292e-06,2449597.9814755674,169.65118731135053,123.06619932475674,-20.798647828779316
2221423.089674948,1053874.8811471693,-9.798965180286679e-11,2466555.087317504,194.50655946223654,135.64715236912545,-548.9400017892618
2246274.7996964194,1043119.9061868045,-2.0066669102045015e-07,2498972.8768508825,238.31249193670672,138.57787549176163,133.3489736009088
2279488.87326143,1027843.2215027265,-2.4309648375032586e-06,2554571.3235668708,288.4549159071525,152.6011437163904,564.0794610913881
2283890.3963207463,1003877.8893704207,-0.00020606161834136683,2571612.601545753,293.3307198206406,173.73265979044413,437.8750511802075
2293523.569369311,1047765.3484864028,-1.0038862430870521e-06,2559828.7081446666,302.95979740370115,179.2510267962564,305.17619940157795
2247879.995066394,941829.5480911427,-1.1207173663119832e-07,2893758.5455466793,238.58098893409309,203.42381431791392,218.35766214952966
2281750.944672773,925761.3611147552,-9.856493115768032e-07,2613072.447616066,287.984307915028,217.60290013817885,110.38254224945109
2282733.4746276815,913483.5594139075,-4.133360429535085e-08,2620224.0855351537,283.1357877609888,215.51934350745051,-468.02645898915205
2272826.5606901892,906164.8958779364,-1.4439599255315034e-08,2185504.5739101637,264.3857986238902,214.5797437224627,158.55116819045674
2256299.5491566793,938833.2596226672,1.8286114947240115e-05,2566393.651587693,253.71800896668628,243.08652483421523,153.45878554175874
2256299.5491566793,938833.2596226672,1.9505357201362205e-05,2567879.4071131432,253.71801177918076,247.58160145329447,-235.65394457330984
2263661.6512070857,943899.4306684332,2.8065097754371875e-05,2568553.5434348136,253.7181301037948,230.2189554174134,-125.77503150909197
2263661.6512070857,943899.4306684332,2.807632369644913e-05,2566677.7197852433,253.71822749951096,219.53726026870135,1047.5131366647036
2263661.6512070857,943899.4306684332,2.808900588658516e-05,2631363.215785858,253.7182310949003,226.8709381167078,2002.6047657250551
2346778.970945375,1016808.4165951973,-2.533162150226168e-06,2649799.2781275604,409.1949789213506,248.4063585708729,3768.8404669631414
2354570.937196729,1026436.2831471027,-6.287006607640963e-08,2672954.0811685612,403.8204271284863,260.87055809211637,4899.759640138431
2360213.491040393,1039494.091896471,-2.4669649385287713e-10,2679331.823419433,420.98769845787336,287.42235370703116,5367.406943229287
2351832.49326175,1051081.7640211333,-5.189050089795519e-09,2693632.7069248073,400.1652117347289,296.0337378779081,5408.3895138523385
2337366.478239596,1074573.8483914142,-4.170642701306309e-07,2748550.5573317837,380.69548748114414,298.7326417201801,5540.436977065052
2263661.6512070857,943899.4306684332,0.0001614691201893672,2559842.931361257,253.71834075345453,300.86738938597466,6005.949158176101
2263661.6512070857,943899.4306684332,0.00016149462878922057,2559842.931361257,253.7183450440284,304.20269584329236,8526.275758733735
2394772.870581937,1097448.5773319593,-1.2469424583620203e-06,2755336.725343262,461.396858666306,301.9065509108944,10179.352823230558
2425707.6515836795,1098653.004904015,-2.782541713869495e-05,2785784.4216751996,537.0034326519266,303.84444701704376,11558.698308522617
2214477.395497339,996462.2785325736,0.00040641137065798,2463884.1188789206,184.88432405370168,301.7824837937706,15035.328930538595
2214477.395497339,996462.2785325736,0.0004104418289995357,2475673.4838701896,184.88486175008381,302.46483657506514,17072.72505513655
2214477.395497339,996462.2785325736,0.0004181198665702769,2476762.3301158464,184.8862235912147,307.1095568008642,18057.178652214257
2210497.7338944487,939922.2560330062,0.0005120641581348576,2514801.5374318436,178.95713448082893,321.78528071716096,18575.444921220726
2214477.395497339,996462.2785325736,0.00042561526866553015,2479693.6908305865,184.8872797097435,331.09055853995454,19401.346461458845
2214477.395497339,996462.2785325736,0.00043027250898734136,2476954.288105998,184.88753586133822,341.0576910392171,21623.669484834703
2210497.7338944487,939922.2560330062,0.0005311592319669998,2859192.2393050604,178.95715375714715,352.4651185178942,23701.449673772695
2200088.9568193755,937142.2665225324,0.0005402559271568498,2513629.9595682537,168.41846166131535,364.50914372095184,26031.835241872104
2510947.5272950837,1015490.8189358029,-1.1613840888737675e-10,3030338.6578001175,694.5909293181918,383.6366154855593,28498.719974901116
2440738.101513963,869219.0172415443,-7.223966811586129e-09,2965631.496765215,552.4974007158833,401.3341958183694,31180.426633333765
2458468.9247792703,876766.0311958346,-2.3760789618667137e-05,2989084.993348647,593.0707650241236,406.0917586998215,35509.977260631815
2472768.5900147054,857288.8880582011,-2.7844444976256543e-09,2997496.2250401303,605.9821967545364,419.7100013643974,38918.56059352999
2480551.1378653874,828687.2037874046,-7.377818075521817e-09,3038401.4748922195,622.6327995293044,440.0109862126592,43468.822826576245
2382907.4672003915,842806.2916139356,3.1302809965869236e-05,2870671.5339203496,436.98154186207927,511.37340192966053,47516.47278862742
2518209.455549921,818644.8798325561,-4.4647837864777594e-08,3057724.392246782,698.4734527095904,575.3534308420336,51341.25253514121
2504082.0605225693,837984.8849354159,-2.117078196949283e-12,3046086.431207397,665.2315171699447,628.7220328491811,55217.37477239285
2532850.1669820934,1074195.5064502992,-2.6215073231813367e-07,3219985.7186980397,734.178854304501,668.619492841446,57029.70804241845
2528482.6212204094,1089552.0513392042,-8.734793516401453e-09,3086543.0163343223,731.3727320086709,695.6603852468663,58630.302051679
2527237.3092108294,1099478.88380393,-7.5528930331808e-09,3070110.5682541383,729.3262617985868,712.0325260602001,60404.16118945446
2564109.6952001657,1081309.2600385828,-6.442378562099673e-14,3087521.2155380575,798.4705023874614,738.3881061088417,62346.98506518793
2579247.222683728,1081315.4695393255,-6.461094555887467e-11,3030152.203810493,830.8667322319944,779.497018465671,64445.4552810178
2562922.346544076,1113661.0445299149,-2.703194360069563e-09,3031471.8633834426,784.2359685468957,810.0543821968585,66083.7089124575
2592517.37692493,1074032.0786196915,-7.437268058203978e-10,3046775.4880930916,858.2993191008054,826.4160558732366,67434.35606514169
2595293.4107831405,1003444.4203365105,-3.5321597066190514e-07,3011820.859471664,880.2754458231625,842.9211007055936,68485.20644057624
2628910.0690104817,1014472.4357086146,-4.745218717149237e-10,3145585.4530883366,948.0889516776201,857.5286196295485,70111.72302642852
2643447.919464809,1009050.9218472776,-2.2653711598010736e-09,3120601.0037474614,971.1548854097948,881.7610706592649,72216.6544689174
2556433.1686994005,983337.9119182625,4.482448786543115e-05,3036757.201154096,803.8663950288595,909.151256599802,76059.29135127315
2530510.508425494,994139.8754020008,4.682281478358333e-05,3015896.317484416,742.9787019783428,921.6452813512781,78220.80809916236
2389082.4927197043,1197120.0077700352,-2.4806048044483406e-05,2973459.214745768,448.9318963568315,947.678920605974,80170.64886550375
2408524.723399898,1207284.6486075353,-4.858955880895794e-09,2876440.6791702593,483.6003310261214,975.5937742346764,82172.87003849854
2440957.2694160487,1213000.9335810253,-2.794111183440275e-11,2908036.328911937,543.2003200958026,996.8782601467525,83989.49307558897
2474926.0424714573,1222151.4447177404,-6.23039539543604e-09,2907320.935550943,592.465932879821,1017.2863814911888,85361.84441578499
2474074.2744329944,1251283.9035982157,-4.4704116065711205e-11,3067272.085505482,586.7996210845644,1039.6356947104446,87071.89723977479
2499803.899751886,1274218.1703214338,-1.0438715931781886e-12,3097890.8092714883,649.2043808185182,1062.350108560391,88917.36951881532
2513323.5510274894,1301290.0389264694,-7.149687295324312e-11,3125583.9760484565,657.2406779702893,1074.6369564842162,89990.05265732048
2530275.1220100536,1233007.8954945346,-1.5970761314023498e-10,3136000.6378297927,707.60009656901,1083.2392315509846,91018.89354304038
2516304.657385164,1331824.8143065923,-1.881906063959425e-08,3157020.62949715,673.1303407597577,1092.9646502770227,92098.73148835427
2565536.426252286,1346667.2081469244,-3.0809826283353795e-10,3199958.544729675,776.0093676066074,1109.586146433702,93189.02602988409
2576974.3588656643,1389844.4104495754,-3.7123213917147244e-08,3244932.6877193255,787.3474457373782,1128.317564737815,94255.63599981728
2570598.088539178,1398726.7211254616,-3.764560510510763e-07,3261662.412721158,764.7002719769486,1147.9490243959522,95648.5350306565
2598314.616015794,1400220.669627655,-3.949710918241649e-08,3264314.8170132022,824.4399710383287,1165.4705663450595,97378.8510426094
2628197.9456370305,1350596.2320478586,-3.3446371803053914e-08,3144858.9761830736,899.2089161274148,1205.0055909701102,99057.81509669055
2633235.6913991114,1328794.6184763634,-8.325551720368192e-10,3527642.1661275346,898.4307642600769,1227.1678503343942,100576.25559144877
2648789.794398921,1303849.9274723276,-1.9608417218871408e-10,3163411.9198975675,953.3825753938232,1251.9306011507822,101671.71486904853
2685906.2876990763,1325817.578685181,-4.740709051283393e-12,3181097.3109001387,1033.1126367380489,1264.7608229037514,103146.10626042727
2695296.3340026904,1353805.507499665,-4.549424928316055e-09,3236969.6623983816,1040.1485711376774,1285.2189897553915,104476.46507682372
2702188.8097300003,1367296.7725518532,-8.363004157238316e-11,3245941.1018374017,1042.17905203672,1315.741507212524,106272.97951794472
2731392.993340333,1309013.8389918257,-3.5821485375900607e-11,3272670.916457962,1120.6533601309104,1338.4577999731048,108130.37336669082
2608578.883913035,711200.2682309938,-1.4143500684153905e-10,3279666.779294886,866.0909412905911,1344.904217149562,110056.02785067438
2604452.521474326,684676.8224898009,-1.3926508248543651e-09,3293048.361850959,844.2618018927701,1378.559990232375,112841.86100964888
2612608.170962384,661335.8477869111,-6.689317100629673e-09,3318680.609023294,855.9046001528961,1380.3159373610167,113843.08987577372
2535459.588628256,706977.4050949822,1.9703963251539988e-05,3205733.1825813157,721.1716329306486,1390.8561538047657,114738.82110380763
2535459.588628256,706977.4050949822,1.970490306268061e-05,3165751.180776038,721.1716334598332,1393.9140406452484,115686.35698417673
2535459.588628256,706977.4050949822,1.9705752370927714e-05,3204589.1766808936,721.171633460382,1388.374286717507,116798.51163110077
2648990.1797854463,639133.4738898023,-2.866067702009991e-13,3685060.9461791613,937.3569025486111,1409.5164504346594,117876.4664620882
2666334.0738941487,656678.6868196127,2.8356475445514114e-11,3752936.7135093026,982.4740293258867,1432.8789976694206,119214.3464840048
2685760.964331831,692906.2752841981,-3.961672612426441e-09,3413050.021225447,1033.2042890055811,1436.6383673114644,123504.7951472777
2728770.231443186,637665.7955522607,-2.5575983194575547e-10,3427013.479899848,1119.51352161195,1436.5857214125833,125347.58897272358
2731924.4976268257,607629.6375529792,-9.746198330473836e-08,3840660.2707479056,1114.6671931407898,1482.4081159052912,131000.52723060655
2631586.3184189405,573127.8509445933,-3.573144635718228e-08,3766902.623808463,886.5774288179165,1473.6370573518209,131292.11686801264
2641301.301952969,550076.5401729104,-4.5191166456722067e-07,3806139.0524854003,906.7428420400207,1469.9345171446319,131271.5763107726
2619410.608749737,538499.4527826281,-6.451644962079999e-11,3794383.812675618,858.9950342656064,1457.9807675319003,131805.7080434889
2633510.2905878844,606585.2005797859,8.561837694071617e-06,3302130.830095953,888.8440118599951,1465.5430392931016,132138.91480422977
2647547.6035714354,490740.2562815357,-4.828199455298684e-10,3471246.756264609,919.2547909070275,1476.0953901824378,132496.8578469224
2684562.5921917097,505301.93470830977,-1.4744833943013024e-10,3503441.2430918585,990.7098135484455,1459.210373559195,133019.30221397209
2739492.1313808225,521046.7251496129,-5.459758269592552e-10,3550298.516619298,1121.184995186502,1457.126269019351,133324.17961180414
2754596.008382898,512452.8030212289,-1.1056649115183006e-13,3568866.7047299934,1142.0271966514872,1452.1820247850433,132306.63860104067
2758146.1154660857,481537.009067514,-2.435180612564928e-11,3606104.8423423464,1164.3262199984747,1455.089468567609,131800.35991872172
2742862.760476217,442202.3815301509,-8.111783575303427e-08,3645863.9275280773,1107.4038277766704,1476.495683293654,132074.63263137694
2738198.7858653846,433886.1680581198,-5.231402947761922e-11,3683793.3900140966,1103.9316341677825,1490.9620066174436,132180.28093080712
2742244.119967251,425252.08804417745,-5.51125759067444e-10,3688607.203236746,1103.9316341683054,1498.089221250483,132192.3115352104
2721962.311730566,418883.4972336539,-1.9600951343454878e-14,3702108.2620150927,1061.3409901812988,1508.3459579129117,132126.63462109788
2704593.777265229,399973.87140132894,-2.9777987047312418e-08,3759374.4402392977,1012.9803412017213,1527.6121232107414,132148.94582955635
2690831.3569996958,405046.3620351927,-1.6779283529953233e-08,3779775.078759855,993.5424462390592,1551.639085383856,132439.95898263162
2792330.429726267,370307.13107187254,-2.2004853394083005e-08,3799807.696993384,1210.5163506256793,1578.1610383867767,132853.52256014937
2812704.05184225,400721.35235901613,-7.955988658822364e-10,3810408.6944894963,1264.4143845114736,1587.0811044553473,133166.12895429553
2758646.835637378,411446.9843975132,4.5114970425560636e-06,3710225.772695862,1149.0199067339554,1584.7169096382547,133098.95013542843
2788726.107146781,338517.3595881235,-6.442705659085565e-10,3777790.8594609355,1206.7639582229524,1596.8336351921132,133256.91618261032
2825995.7283647773,399504.96775560564,-4.193264303135981e-14,3757420.3273411007,1312.402346997498,1596.1441231931847,133513.69949843382
2768791.881068583,316787.0213429116,-3.8949646073149696e-10,3791956.7901683324,1155.35077124303,1612.7442891047986,133867.55940668483
2831938.813832965,318105.7508468742,-4.2434565464475664e-09,3861057.57679419,1297.5891542179895,1628.3121087337636,134074.69055634763
2891013.9961271062,407976.66064785596,-2.6233779908798063e-05,3806172.5615180335,1450.7745456290993,1630.568733346207,133981.65820361028
2876985.4371092618,458239.7402715224,-1.1375767539118555e-08,3777432.15107278,1433.5711183518579,1623.8765757603976,133954.14548810324
2889244.537177259,468044.98082629545,-2.5216708125891196e-10,3796433.755028752,1462.745504753174,1623.4717601318875,134114.30143682717
