,age_ka,sea_level_m
0,0.000,-10.860
1,50.000,-69.230
2,100.000,-29.930
3,150.000,-64.223
4,200.000,0.981
5,250.000,-59.429
6,300.000,-25.324
7,350.000,-71.623
8,400.000,10.890
9,450.000,-65.884
10,500.000,-11.871
11,550.000,-60.718
12,600.000,-39.961
13,650.000,-65.538
14,700.000,-46.316
15,750.000,-65.703
16,800.000,-67.479
17,850.000,-18.470
18,900.000,-58.472
19,950.000,0.139
20,1000.000,-32.109
21,1050.000,-42.852
22,1100.000,-38.087
23,1150.000,-14.690
24,1200.000,-25.428
25,1250.000,-59.192
26,1300.000,-34.941
27,1350.000,-2.083
28,1400.000,-10.171
29,1450.000,-22.701
30,1500.000,-43.297
31,1550.000,-27.226
32,1600.000,-15.738
33,1650.000,-51.317
34,1700.000,-41.330
35,1750.000,-37.129
36,1800.000,-32.037
37,1850.000,-1.895
38,1900.000,-36.925
39,1950.000,-26.471
40,2000.000,-18.621
41,2050.000,-31.615
42,2100.000,-29.712
43,2150.000,-41.532
44,2200.000,-28.110
45,2250.000,-11.574
46,2300.000,-4.904
47,2350.000,-13.979
48,2400.000,-26.927
49,2450.000,-33.567
50,2500.000,-9.614
51,2550.000,5.700
52,2600.000,-40.264
53,2650.000,-18.316
54,2700.000,-33.145
55,2750.000,8.408
56,2800.000,-19.529
57,2850.000,-15.951
58,2900.000,-10.037
59,2950.000,8.625
60,3000.000,-12.179
61,3050.000,-15.817
62,3100.000,3.574
63,3150.000,2.150
64,3200.000,2.873
65,3250.000,10.425
66,3300.000,-27.821
67,3350.000,-20.013
68,3400.000,-1.859
69,3450.000,8.049
70,3500.000,22.530
71,3550.000,9.657
72,3600.000,12.330
73,3650.000,22.758
74,3700.000,18.976
75,3750.000,16.383
76,3800.000,6.971
77,3850.000,29.957
78,3900.000,14.240
79,3950.000,6.179
80,4000.000,-25.558
81,4050.000,-15.419
82,4100.000,11.440
83,4150.000,9.412
84,4200.000,8.122
85,4250.000,-6.698
86,4300.000,3.144
87,4350.000,8.870
88,4400.000,2.535
89,4450.000,5.869
90,4500.000,-3.229
91,4550.000,4.686
92,4600.000,-4.415
93,4650.000,1.450
94,4700.000,-11.241
95,4750.000,-5.787
96,4800.000,-0.239
97,4850.000,-35.946
98,4900.000,-36.956
99,4950.000,-14.441
100,5000.000,2.617
101,5050.000,-18.606
102,5100.000,-2.934
103,5150.000,13.955
104,5200.000,-0.783
105,5250.000,14.753
106,5300.000,-2.575
107,5350.000,1.638
108,5400.000,-5.570
109,5450.000,-0.083
110,5500.000,-7.789
111,5550.000,-13.669
112,5600.000,-7.637
113,5650.000,-7.415
114,5700.000,-11.066
115,5750.000,-24.222
116,5800.000,-0.628
117,5850.000,2.438
118,5900.000,-7.092
119,5950.000,-11.700
120,6000.000,-13.789
121,6050.000,-11.844
122,6100.000,-4.688
123,6150.000,-12.001
124,6200.000,-10.446
125,6250.000,-10.469
126,6300.000,-5.840
127,6350.000,-7.182
128,6400.000,-10.754
129,6450.000,-13.781
130,6500.000,-19.589
131,6550.000,-14.581
132,6600.000,-13.012
133,6650.000,-14.077
134,6700.000,-3.889
135,6750.000,-3.860
136,6800.000,-8.261
137,6850.000,-3.048
138,6900.000,-4.361
139,6950.000,-6.339
140,7000.000,-1.838
141,7050.000,1.378
142,7100.000,-6.010
143,7150.000,-2.047
144,7200.000,10.020
145,7250.000,3.014
146,7300.000,-12.356
147,7350.000,-4.714
148,7400.000,4.364
149,7450.000,-8.645
150,7500.000,-9.114
151,7550.000,-17.669
152,7600.000,-16.714
153,7650.000,-17.478
154,7700.000,-18.606
155,7750.000,-16.794
156,7800.000,-27.305
157,7850.000,-17.901
158,7900.000,-17.905
159,7950.000,-26.310
160,8000.000,-18.696
161,8050.000,-22.322
162,8100.000,-20.661
163,8150.000,-19.000
164,8200.000,-17.339
165,8250.000,-15.678
166,8300.000,-14.017
167,8350.000,-12.356
168,8400.000,-20.023
169,8450.000,-21.622
170,8500.000,-15.810
171,8550.000,-26.446
172,8600.000,-29.783
173,8650.000,-28.839
174,8700.000,-23.331
175,8750.000,-16.804
176,8800.000,-26.440
177,8850.000,-23.478
178,8900.000,-32.742
179,8950.000,-15.362
180,9000.000,-19.657
181,9050.000,1.882
182,9100.000,-23.374
183,9150.000,-13.985
184,9200.000,-21.864
185,9250.000,-19.213
186,9300.000,-18.638
187,9350.000,-7.727
188,9400.000,-24.345
189,9450.000,-30.950
190,9500.000,-21.720
191,9550.000,-8.815
192,9600.000,8.127
193,9650.000,-6.769
194,9700.000,-19.886
195,9750.000,-10.230
196,9800.000,-4.772
197,9850.000,-11.294
198,9900.000,-25.135
199,9950.000,-14.202
200,10000.000,1.215
201,10050.000,-3.938
202,10100.000,5.140
203,10150.000,-8.897
204,10200.000,-2.830
205,10250.000,-8.388
206,10300.000,-17.230
207,10350.000,-4.060
208,10400.000,-2.993
209,10450.000,3.370
210,10500.000,1.120
211,10550.000,-9.995
212,10600.000,-7.570
213,10650.000,2.180
214,10700.000,7.620
215,10750.000,16.320
216,10800.000,-11.296
217,10850.000,-2.485
218,10900.000,-0.140
219,10950.000,12.855
220,11000.000,2.455
221,11050.000,-7.700
222,11100.000,-12.010
223,11150.000,9.645
224,11200.000,0.530
225,11250.000,0.200
226,11300.000,-7.910
227,11350.000,-1.197
228,11400.000,-6.380
229,11450.000,11.410
230,11500.000,3.773
231,11550.000,-1.213
232,11600.000,1.387
233,11650.000,-11.615
234,11700.000,5.254
235,11750.000,2.860
236,11800.000,14.957
237,11850.000,1.110
238,11900.000,-13.957
239,11950.000,-3.880
240,12000.000,21.690
241,12050.000,15.130
242,12100.000,4.563
243,12150.000,11.753
244,12200.000,-1.390
245,12250.000,1.743
246,12300.000,17.787
247,12350.000,12.230
248,12400.000,-6.243
249,12450.000,4.160
250,12500.000,-4.100
251,12550.000,-4.260
252,12600.000,4.190
253,12650.000,-4.200
254,12700.000,1.146
255,12750.000,7.070
256,12800.000,-16.153
257,12850.000,-8.287
258,12900.000,-17.615
259,12950.000,3.017
260,13000.000,-21.750
261,13050.000,16.870
262,13100.000,8.400
263,13150.000,20.753
264,13200.000,6.630
265,13250.000,14.950
266,13300.000,-12.543
267,13350.000,-18.410
268,13400.000,-5.000
269,13450.000,-19.760
270,13500.000,5.470
271,13550.000,-4.160
272,13600.000,-9.490
273,13650.000,-17.230
274,13700.000,6.420
275,13750.000,-8.070
276,13800.000,6.380
277,13850.000,18.360
278,13900.000,56.787
279,13950.000,28.430
280,14000.000,40.670
281,14050.000,14.570
282,14100.000,31.540
283,14150.000,18.335
284,14200.000,19.895
285,14250.000,17.760
286,14300.000,21.170
287,14350.000,12.970
288,14400.000,-0.140
289,14450.000,-5.640
290,14500.000,30.080
291,14550.000,41.580
292,14600.000,16.470
293,14650.000,23.250
294,14700.000,14.960
295,14750.000,44.785
296,14800.000,21.845
297,14850.000,24.760
298,14900.000,12.445
299,14950.000,47.125
300,15000.000,26.858
301,15050.000,41.138
302,15100.000,50.640
303,15150.000,30.190
304,15200.000,53.230
305,15250.000,11.976
306,15300.000,31.032
307,15350.000,9.290
308,15400.000,4.183
309,15450.000,7.824
310,15500.000,36.528
311,15550.000,4.930
312,15600.000,40.694
313,15650.000,-8.568
314,15700.000,13.770
315,15750.000,5.010
316,15800.000,15.940
317,15850.000,-0.060
318,15900.000,-1.560
319,15950.000,5.814
320,16000.000,61.774
321,16050.000,32.134
322,16100.000,21.825
323,16150.000,28.376
324,16200.000,30.750
325,16250.000,21.040
326,16300.000,11.932
327,16350.000,37.216
328,16400.000,28.905
329,16450.000,53.899
330,16500.000,35.913
331,16550.000,26.107
332,16600.000,18.847
333,16650.000,14.760
334,16700.000,4.874
335,16750.000,26.250
336,16800.000,18.372
337,16850.000,20.900
338,16900.000,29.230
339,16950.000,5.353
340,17000.000,2.550
341,17050.000,8.550
342,17100.000,-3.780
343,17150.000,-4.700
344,17200.000,2.377
345,17250.000,-13.115
346,17300.000,33.610
347,17350.000,-17.670
348,17400.000,12.918
349,17450.000,13.470
350,17500.000,9.855
351,17550.000,2.653
352,17600.000,-19.709
353,17650.000,10.703
354,17700.000,11.962
355,17750.000,11.997
356,17800.000,10.793
357,17850.000,6.704
358,17900.000,-16.910
359,17950.000,-4.650
360,18000.000,-20.802
361,18050.000,16.120
362,18100.000,-6.303
363,18150.000,-9.659
364,18200.000,-6.197
365,18250.000,10.334
366,18300.000,-9.074
367,18350.000,-21.954
368,18400.000,-20.775
369,18450.000,-3.717
370,18500.000,-2.633
371,18550.000,-19.082
372,18600.000,-22.277
373,18650.000,-7.665
374,18700.000,-22.968
375,18750.000,-20.970
376,18800.000,4.930
377,18850.000,-24.835
378,18900.000,-22.146
379,18950.000,-21.084
380,19000.000,-25.014
381,19050.000,-25.440
382,19100.000,-11.480
383,19150.000,-5.863
384,19200.000,0.258
385,19250.000,-10.203
386,19300.000,-5.590
387,19350.000,-34.450
388,19400.000,-33.040
389,19450.000,-42.590
390,19500.000,-24.962
391,19550.000,1.117
392,19600.000,-14.580
393,19650.000,-5.855
394,19700.000,8.150
395,19750.000,10.100
396,19800.000,-27.520
397,19850.000,-19.357
398,19900.000,-17.713
399,19950.000,-4.967
400,20000.000,-0.077
401,20050.000,23.607
402,20100.000,8.320
403,20150.000,-6.967
404,20200.000,-5.880
405,20250.000,11.579
406,20300.000,15.184
407,20350.000,6.988
408,20400.000,9.892
409,20450.000,-14.984
410,20500.000,-37.093
411,20550.000,-39.790
412,20600.000,-41.058
413,20650.000,-36.229
414,20700.000,-11.833
415,20750.000,-13.862
416,20800.000,-19.119
417,20850.000,3.896
418,20900.000,-41.580
419,20950.000,-22.762
420,21000.000,-16.920
421,21050.000,-13.277
422,21100.000,-7.147
423,21150.000,-11.485
424,21200.000,-3.678
425,21250.000,-12.181
426,21300.000,-24.317
427,21350.000,0.395
428,21400.000,-19.079
429,21450.000,-6.873
430,21500.000,11.696
431,21550.000,30.264
432,21600.000,27.643
433,21650.000,13.113
434,21700.000,1.260
435,21750.000,16.143
436,21800.000,2.358
437,21850.000,11.400
438,21900.000,-14.685
439,21950.000,-14.562
440,22000.000,-17.334
441,22050.000,-0.296
442,22100.000,7.892
443,22150.000,-30.477
444,22200.000,-26.230
445,22250.000,-32.850
446,22300.000,-16.008
447,22350.000,-18.780
448,22400.000,-19.312
449,22450.000,-36.740
450,22500.000,13.481
451,22550.000,-14.251
452,22600.000,-12.362
453,22650.000,2.844
454,22700.000,-0.394
455,22750.000,-12.030
456,22800.000,29.128
457,22850.000,-16.026
458,22900.000,-10.804
459,22950.000,-16.061
460,23000.000,-26.604
461,23050.000,-22.282
462,23100.000,-27.925
463,23150.000,4.955
464,23200.000,1.205
465,23250.000,2.829
466,23300.000,6.679
467,23350.000,8.962
468,23400.000,10.780
469,23450.000,2.471
470,23500.000,3.970
471,23550.000,3.250
472,23600.000,5.206
473,23650.000,-9.495
474,23700.000,29.174
475,23750.000,8.574
476,23800.000,13.940
477,23850.000,7.278
478,23900.000,13.722
479,23950.000,16.723
480,24000.000,35.823
481,24050.000,18.887
482,24100.000,15.183
483,24150.000,27.457
484,24200.000,17.402
485,24250.000,13.460
486,24300.000,-11.900
487,24350.000,6.197
488,24400.000,32.516
489,24450.000,-9.587
490,24500.000,8.223
491,24550.000,7.080
492,24600.000,25.630
493,24650.000,16.797
494,24700.000,8.115
495,24750.000,23.167
496,24800.000,-6.426
497,24850.000,5.820
498,24900.000,15.870
499,24950.000,-1.535
500,25000.000,13.667
501,25050.000,7.047
502,25100.000,1.100
503,25150.000,1.120
504,25200.000,20.690
505,25250.000,3.390
506,25300.000,15.637
507,25350.000,18.213
508,25400.000,7.675
509,25450.000,-19.670
510,25500.000,-14.400
511,25550.000,-9.300
512,25600.000,2.195
513,25650.000,21.820
514,25700.000,22.480
515,25750.000,-7.440
516,25800.000,-4.920
517,25850.000,-10.038
518,25900.000,0.675
519,25950.000,-17.290
520,26000.000,17.040
521,26050.000,0.960
522,26100.000,19.950
523,26150.000,-2.307
524,26200.000,-11.640
525,26250.000,13.740
526,26300.000,8.560
527,26350.000,-2.390
528,26400.000,12.207
529,26450.000,-12.410
530,26500.000,27.080
531,26550.000,-4.980
532,26600.000,4.810
533,26650.000,-9.955
534,26700.000,-15.126
535,26750.000,-25.165
536,26800.000,-19.237
537,26850.000,-35.980
538,26900.000,-36.190
539,26950.000,-4.214
540,27000.000,12.509
541,27050.000,-23.650
542,27100.000,-19.710
543,27150.000,-9.758
544,27200.000,-26.948
545,27250.000,-10.642
546,27300.000,-17.890
547,27350.000,-0.849
548,27400.000,-23.307
549,27450.000,-14.438
550,27500.000,-26.196
551,27550.000,-14.293
552,27600.000,-18.217
553,27650.000,-31.316
554,27700.000,-43.304
555,27750.000,-0.240
556,27800.000,-2.080
557,27850.000,-17.190
558,27900.000,-35.270
559,27950.000,-21.147
560,28000.000,-18.867
561,28050.000,-27.263
562,28100.000,-11.008
563,28150.000,-31.727
564,28200.000,-20.630
565,28250.000,-32.893
566,28300.000,-26.013
567,28350.000,6.526
568,28400.000,-20.038
569,28450.000,-23.308
570,28500.000,-7.326
571,28550.000,-21.378
572,28600.000,-18.105
573,28650.000,10.530
574,28700.000,-14.763
575,28750.000,-21.485
576,28800.000,-15.680
577,28850.000,-18.067
578,28900.000,-49.091
579,28950.000,2.457
580,29000.000,-14.666
581,29050.000,-25.006
582,29100.000,7.415
583,29150.000,-5.185
584,29200.000,-25.982
585,29250.000,-19.580
586,29300.000,-9.075
587,29350.000,29.777
588,29400.000,-10.820
589,29450.000,8.810
590,29500.000,-16.234
591,29550.000,1.740
592,29600.000,-4.753
593,29650.000,-18.470
594,29700.000,2.526
595,29750.000,19.736
596,29800.000,-9.418
597,29850.000,15.960
598,29900.000,-8.873
599,29950.000,-14.720
600,30000.000,-4.090
601,30050.000,-10.657
602,30100.000,-8.335
603,30150.000,-3.810
604,30200.000,12.410
605,30250.000,0.270
606,30300.000,2.874
607,30350.000,-19.360
608,30400.000,1.616
609,30450.000,12.925
610,30500.000,-4.920
611,30550.000,22.586
612,30600.000,-5.870
613,30650.000,21.707
614,30700.000,-3.230
615,30750.000,0.254
616,30800.000,0.046
617,30850.000,13.626
618,30900.000,-15.652
619,30950.000,-14.600
620,31000.000,-20.460
621,31050.000,-3.610
622,31100.000,6.946
623,31150.000,11.286
624,31200.000,3.593
625,31250.000,-2.280
626,31300.000,-9.605
627,31350.000,6.223
628,31400.000,6.453
629,31450.000,15.297
630,31500.000,-7.443
631,31550.000,6.643
632,31600.000,-2.847
633,31650.000,-24.160
634,31700.000,-2.704
635,31750.000,-1.005
636,31800.000,-17.330
637,31850.000,-9.783
638,31900.000,-9.676
639,31950.000,0.240
640,32000.000,-2.625
641,32050.000,11.225
642,32100.000,-4.460
643,32150.000,-8.545
644,32200.000,16.290
645,32250.000,-14.467
646,32300.000,-10.160
647,32350.000,-8.710
648,32400.000,-9.027
649,32450.000,-8.610
650,32500.000,-0.200
651,32550.000,-11.242
652,32600.000,-6.900
653,32650.000,-22.510
654,32700.000,-18.013
655,32750.000,-15.510
656,32800.000,-28.590
657,32850.000,-16.424
658,32900.000,-19.360
659,32950.000,-0.033
660,33000.000,-18.900
661,33050.000,0.980
662,33100.000,-11.745
663,33150.000,-14.438
664,33200.000,-19.044
665,33250.000,-27.820
666,33300.000,-19.018
667,33350.000,-27.770
668,33400.000,-22.442
669,33450.000,-16.060
670,33500.000,-24.523
671,33550.000,-26.723
672,33600.000,-30.360
673,33650.000,-17.550
674,33700.000,18.330
675,33750.000,32.600
676,33800.000,25.630
677,33850.000,20.210
678,33900.000,27.800
679,33950.000,44.777
680,34000.000,46.737
681,34050.000,48.698
682,34100.000,50.658
683,34150.000,52.619
684,34200.000,38.301
685,34250.000,17.420
686,34300.000,60.028
687,34350.000,46.507
688,34400.000,52.730
689,34450.000,46.971
690,34500.000,46.377
691,34550.000,52.964
692,34600.000,43.131
693,34650.000,38.957
694,34700.000,36.216
695,34750.000,34.694
696,34800.000,42.521
697,34850.000,44.494
698,34900.000,46.467
699,34950.000,48.439
700,35000.000,44.547
701,35050.000,44.272
702,35100.000,43.996
703,35150.000,45.625
704,35200.000,46.221
705,35250.000,44.898
706,35300.000,44.139
707,35350.000,42.102
708,35400.000,47.034
709,35450.000,41.807
710,35500.000,39.667
711,35550.000,37.990
712,35600.000,36.312
713,35650.000,34.635
714,35700.000,32.958
715,35750.000,31.281
716,35800.000,29.603
717,35850.000,27.926
718,35900.000,30.489
719,35950.000,34.543
720,36000.000,38.596
721,36050.000,42.649
722,36100.000,37.041
723,36150.000,32.100
724,36200.000,29.893
725,36250.000,27.857
726,36300.000,25.992
727,36350.000,24.266
728,36400.000,23.118
729,36450.000,22.995
730,36500.000,22.872
731,36550.000,22.749
732,36600.000,22.626
733,36650.000,22.503
734,36700.000,22.359
735,36750.000,22.103
736,36800.000,21.847
737,36850.000,21.983
738,36900.000,22.258
739,36950.000,22.533
740,37000.000,22.808
741,37050.000,21.420
742,37100.000,17.848
743,37150.000,22.004
744,37200.000,26.160
745,37250.000,30.316
746,37300.000,30.927
747,37350.000,27.376
748,37400.000,23.826
749,37450.000,20.275
750,37500.000,21.261
751,37550.000,32.829
752,37600.000,31.571
753,37650.000,28.848
754,37700.000,27.594
755,37750.000,26.568
756,37800.000,26.270
757,37850.000,25.972
758,37900.000,25.674
759,37950.000,25.375
760,38000.000,24.284
761,38050.000,22.619
762,38100.000,22.118
763,38150.000,27.730
764,38200.000,33.343
765,38250.000,35.353
766,38300.000,36.224
767,38350.000,35.278
768,38400.000,39.693
769,38450.000,22.067
770,38500.000,14.805
771,38550.000,27.687
772,38600.000,38.054
773,38650.000,34.736
774,38700.000,33.458
775,38750.000,37.562
776,38800.000,25.056
777,38850.000,37.976
778,38900.000,38.419
779,38950.000,35.742
780,39000.000,33.065
781,39050.000,31.577
782,39100.000,30.387
783,39150.000,25.945
784,39200.000,32.551
785,39250.000,38.287
786,39300.000,34.820
787,39350.000,38.985
788,39400.000,43.423
789,39450.000,43.432
790,39500.000,41.197
791,39550.000,38.961
792,39600.000,36.852
793,39650.000,36.715
794,39700.000,30.240
795,39750.000,34.096
796,39800.000,47.843
797,39850.000,56.599
798,39900.000,57.199
799,39950.000,57.090
800,40000.000,56.981
801,40050.000,56.871
802,40100.000,56.762
803,40150.000,56.652
804,40200.000,56.543
805,40250.000,56.433
806,40300.000,53.383
807,40350.000,59.008
808,40400.000,50.841
809,40450.000,52.880
810,40500.000,35.713
811,40550.000,23.919
812,40600.000,18.671
813,40650.000,17.583
814,40700.000,16.495
815,40750.000,10.204
816,40800.000,7.288
817,40850.000,9.967
818,40900.000,23.812
819,40950.000,21.465
820,41000.000,24.067
821,41050.000,17.230
822,41100.000,22.626
823,41150.000,14.286
824,41200.000,27.323
825,41250.000,31.577
826,41300.000,22.266
827,41350.000,29.895
828,41400.000,20.940
829,41450.000,20.664
830,41500.000,27.436
831,41550.000,29.870
832,41600.000,30.582
833,41650.000,29.140
834,41700.000,31.882
835,41750.000,35.411
836,41800.000,31.997
837,41850.000,34.749
838,41900.000,33.731
839,41950.000,37.712
840,42000.000,34.114
841,42050.000,25.803
842,42100.000,28.551
843,42150.000,36.716
844,42200.000,36.533
845,42250.000,43.084
846,42300.000,38.073
847,42350.000,34.706
848,42400.000,32.432
849,42450.000,32.522
850,42500.000,44.257
851,42550.000,42.847
852,42600.000,33.207
853,42650.000,25.514
854,42700.000,35.090
855,42750.000,29.294
856,42800.000,22.128
857,42850.000,18.561
858,42900.000,17.057
859,42950.000,28.741
860,43000.000,35.999
861,43050.000,34.759
862,43100.000,30.051
863,43150.000,29.496
864,43200.000,32.413
865,43250.000,37.555
866,43300.000,30.409
867,43350.000,23.410
868,43400.000,42.415
869,43450.000,27.458
870,43500.000,34.086
871,43550.000,16.015
872,43600.000,26.410
873,43650.000,33.982
874,43700.000,31.240
875,43750.000,32.243
876,43800.000,29.129
877,43850.000,34.070
878,43900.000,35.153
879,43950.000,40.692
880,44000.000,39.177
881,44050.000,34.328
882,44100.000,36.372
883,44150.000,29.068
884,44200.000,31.448
885,44250.000,30.491
886,44300.000,25.226
887,44350.000,27.249
888,44400.000,12.115
889,44450.000,43.854
890,44500.000,37.881
891,44550.000,36.040
892,44600.000,39.033
893,44650.000,35.623
894,44700.000,37.758
895,44750.000,48.167
896,44800.000,37.503
897,44850.000,29.769
898,44900.000,33.683
899,44950.000,34.723
900,45000.000,35.851
901,45050.000,23.724
902,45100.000,35.770
903,45150.000,42.297
904,45200.000,48.029
905,45250.000,42.205
906,45300.000,28.070
907,45350.000,26.409
908,45400.000,25.044
909,45450.000,23.777
910,45500.000,25.581
911,45550.000,38.877
912,45600.000,28.089
913,45650.000,30.800
914,45700.000,36.653
915,45750.000,33.239
916,45800.000,31.273
917,45850.000,39.115
918,45900.000,35.161
919,45950.000,30.839
920,46000.000,35.683
921,46050.000,28.522
922,46100.000,27.032
923,46150.000,32.785
924,46200.000,35.157
925,46250.000,36.098
926,46300.000,37.491
927,46350.000,37.751
928,46400.000,39.767
929,46450.000,39.802
930,46500.000,39.063
931,46550.000,38.675
932,46600.000,26.053
933,46650.000,51.762
934,46700.000,26.878
935,46750.000,67.960
936,46800.000,34.895
937,46850.000,24.266
938,46900.000,19.096
939,46950.000,52.380
940,47000.000,24.303
941,47050.000,47.203
942,47100.000,47.178
943,47150.000,39.996
944,47200.000,58.647
945,47250.000,46.000
946,47300.000,45.088
947,47350.000,36.707
948,47400.000,40.612
949,47450.000,45.848
950,47500.000,35.568
951,47550.000,53.530
952,47600.000,44.683
953,47650.000,39.542
954,47700.000,46.808
955,47750.000,38.543
956,47800.000,38.466
957,47850.000,48.948
958,47900.000,42.758
959,47950.000,47.304
960,48000.000,56.861
961,48050.000,56.623
962,48100.000,56.803
963,48150.000,48.842
964,48200.000,58.886
965,48250.000,60.910
966,48300.000,73.714
967,48350.000,71.705
968,48400.000,77.619
969,48450.000,59.815
970,48500.000,62.443
971,48550.000,65.569
972,48600.000,71.168
973,48650.000,65.694
974,48700.000,58.769
975,48750.000,66.015
976,48800.000,66.000
977,48850.000,62.704
978,48900.000,60.114
979,48950.000,31.240
980,49000.000,62.539
981,49050.000,44.866
982,49100.000,46.799
983,49150.000,28.670
984,49200.000,37.923
985,49250.000,72.057
986,49300.000,73.989
987,49350.000,57.123
988,49400.000,67.694
989,49450.000,78.051
990,49500.000,70.304
991,49550.000,88.161
992,49600.000,74.222
993,49650.000,80.984
994,49700.000,86.921
995,49750.000,74.208
996,49800.000,67.595
997,49850.000,69.393
998,49900.000,60.491
999,49950.000,23.006
1000,50000.000,67.813
1001,50050.000,54.482
1002,50100.000,59.319
1003,50150.000,55.969
1004,50200.000,40.091
1005,50250.000,47.722
1006,50300.000,44.184
1007,50350.000,39.575
1008,50400.000,39.690
1009,50450.000,32.192
1010,50500.000,51.159
1011,50550.000,30.800
1012,50600.000,47.724
1013,50650.000,50.479
1014,50700.000,39.141
1015,50750.000,59.707
1016,50800.000,43.804
1017,50850.000,31.584
1018,50900.000,52.219
1019,50950.000,67.087
1020,51000.000,63.348
1021,51050.000,59.945
1022,51100.000,55.133
1023,51150.000,55.513
1024,51200.000,67.801
1025,51250.000,72.525
1026,51300.000,79.240
1027,51350.000,28.436
1028,51400.000,69.173
1029,51450.000,67.958
1030,51500.000,32.799
1031,51550.000,55.842
1032,51600.000,72.264
1033,51650.000,73.420
1034,51700.000,62.987
1035,51750.000,75.625
1036,51800.000,66.889
1037,51850.000,63.176
1038,51900.000,52.805
1039,51950.000,64.244
1040,52000.000,34.907
1041,52050.000,40.313
1042,52100.000,40.939
1043,52150.000,44.460
1044,52200.000,35.370
1045,52250.000,48.520
1046,52300.000,38.635
1047,52350.000,52.308
1048,52400.000,40.876
1049,52450.000,28.159
1050,52500.000,45.864
1051,52550.000,29.421
1052,52600.000,18.745
1053,52650.000,25.705
1054,52700.000,27.277
1055,52750.000,23.060
1056,52800.000,37.582
1057,52850.000,-3.498
1058,52900.000,51.708
1059,52950.000,53.843
1060,53000.000,69.984
1061,53050.000,34.861
1062,53100.000,59.303
1063,53150.000,82.022
1064,53200.000,71.702
1065,53250.000,55.036
1066,53300.000,84.137
1067,53350.000,67.577
1068,53400.000,63.247
1069,53450.000,38.523
1070,53500.000,44.134
1071,53550.000,25.787
1072,53600.000,38.607
1073,53650.000,37.273
1074,53700.000,33.276
1075,53750.000,27.521
1076,53800.000,47.019
1077,53850.000,36.881
1078,53900.000,46.045
1079,53950.000,41.799
1080,54000.000,29.712
1081,54050.000,50.279
1082,54100.000,35.277
1083,54150.000,25.797
1084,54200.000,35.640
1085,54250.000,28.692
1086,54300.000,28.486
1087,54350.000,26.362
1088,54400.000,28.539
1089,54450.000,30.762
1090,54500.000,28.137
1091,54550.000,26.731
1092,54600.000,17.732
1093,54650.000,11.362
1094,54700.000,20.880
1095,54750.000,42.608
1096,54800.000,31.140
1097,54850.000,37.916
1098,54900.000,32.483
1099,54950.000,24.903
1100,55000.000,22.527
1101,55050.000,29.751
1102,55100.000,28.777
1103,55150.000,42.762
1104,55200.000,35.216
1105,55250.000,27.674
1106,55300.000,33.015
1107,55350.000,26.681
1108,55400.000,24.226
1109,55450.000,11.118
1110,55500.000,16.272
1111,55550.000,9.690
1112,55600.000,1.076
1113,55650.000,18.107
1114,55700.000,-15.790
1115,55750.000,-16.509
1116,55800.000,-3.696
1117,55850.000,17.924
1118,55900.000,26.892
1119,55950.000,-9.974
1120,56000.000,1.812
1121,56050.000,-3.288
1122,56100.000,8.527
1123,56150.000,17.017
1124,56200.000,0.013
1125,56250.000,5.978
1126,56300.000,-0.860
1127,56350.000,3.758
1128,56400.000,6.651
1129,56450.000,6.878
1130,56500.000,13.088
1131,56550.000,25.880
1132,56600.000,15.755
1133,56650.000,14.531
1134,56700.000,24.223
1135,56750.000,28.281
1136,56800.000,27.000
1137,56850.000,48.327
1138,56900.000,20.812
1139,56950.000,25.239
1140,57000.000,15.488
1141,57050.000,15.442
1142,57100.000,12.028
1143,57150.000,22.112
1144,57200.000,15.616
1145,57250.000,37.225
1146,57300.000,34.351
1147,57350.000,42.432
1148,57400.000,30.723
1149,57450.000,35.711
1150,57500.000,25.820
1151,57550.000,51.839
1152,57600.000,46.659
1153,57650.000,53.246
1154,57700.000,56.086
1155,57750.000,55.779
1156,57800.000,38.553
1157,57850.000,46.527
1158,57900.000,49.558
1159,57950.000,43.965
1160,58000.000,78.568
1161,58050.000,60.241
1162,58100.000,44.695
1163,58150.000,30.046
1164,58200.000,27.738
1165,58250.000,26.201
1166,58300.000,22.653
1167,58350.000,29.902
1168,58400.000,49.758
1169,58450.000,46.270
1170,58500.000,28.399
1171,58550.000,43.923
1172,58600.000,29.575
1173,58650.000,37.558
1174,58700.000,36.082
1175,58750.000,38.532
1176,58800.000,37.578
1177,58850.000,33.042
1178,58900.000,23.568
1179,58950.000,35.717
1180,59000.000,29.645
1181,59050.000,23.441
1182,59100.000,18.448
1183,59150.000,29.517
1184,59200.000,27.849
1185,59250.000,31.692
1186,59300.000,22.042
1187,59350.000,24.618
1188,59400.000,32.869
1189,59450.000,21.526
1190,59500.000,24.043
1191,59550.000,25.566
1192,59600.000,14.789
1193,59650.000,14.545
1194,59700.000,21.338
1195,59750.000,32.375
1196,59800.000,23.368
1197,59850.000,17.764
1198,59900.000,31.491
1199,59950.000,17.373
1200,60000.000,32.552
1201,60050.000,15.707
1202,60100.000,31.020
1203,60150.000,26.447
1204,60200.000,25.355
1205,60250.000,33.195
1206,60300.000,34.010
1207,60350.000,37.825
1208,60400.000,33.907
1209,60450.000,34.624
1210,60500.000,37.555
1211,60550.000,36.199
1212,60600.000,37.371
1213,60650.000,41.344
1214,60700.000,34.161
1215,60750.000,30.767
1216,60800.000,30.003
1217,60850.000,30.979
1218,60900.000,32.257
1219,60950.000,33.534
1220,61000.000,34.812
1221,61050.000,36.509
1222,61100.000,43.789
1223,61150.000,48.844
1224,61200.000,46.764
1225,61250.000,41.527
1226,61300.000,41.173
1227,61350.000,52.302
1228,61400.000,48.882
1229,61450.000,44.032
1230,61500.000,42.513
1231,61550.000,37.317
1232,61600.000,36.493
1233,61650.000,53.129
1234,61700.000,60.618
1235,61750.000,48.332
1236,61800.000,38.325
1237,61850.000,44.761
1238,61900.000,38.652
1239,61950.000,36.344
1240,62000.000,43.574
1241,62050.000,52.644
1242,62100.000,58.213
1243,62150.000,31.396
1244,62200.000,35.070
1245,62250.000,32.283
1246,62300.000,37.398
1247,62350.000,33.658
1248,62400.000,36.606
1249,62450.000,42.187
1250,62500.000,49.500
1251,62550.000,38.440
1252,62600.000,50.581
1253,62650.000,49.947
1254,62700.000,48.612
1255,62750.000,49.620
1256,62800.000,56.618
1257,62850.000,64.530
1258,62900.000,52.330
1259,62950.000,56.098
1260,63000.000,54.828
1261,63050.000,58.049
1262,63100.000,56.586
1263,63150.000,56.565
1264,63200.000,61.061
1265,63250.000,75.595
1266,63300.000,67.471
1267,63350.000,73.539
1268,63400.000,69.589
1269,63450.000,66.476
1270,63500.000,64.941
1271,63550.000,68.113
1272,63600.000,60.140
1273,63650.000,63.364
1274,63700.000,65.246
1275,63750.000,67.494
1276,63800.000,72.241
1277,63850.000,68.411
1278,63900.000,66.616
1279,63950.000,66.573
1280,64000.000,60.387
1281,64050.000,59.607
1282,64100.000,51.705
1283,64150.000,53.473
1284,64200.000,45.953
1285,64250.000,54.473
1286,64300.000,60.219
1287,64350.000,54.919
1288,64400.000,55.108
1289,64450.000,65.099
1290,64500.000,65.346
1291,64550.000,58.749
1292,64600.000,58.729
1293,64650.000,64.098
1294,64700.000,63.581
1295,64750.000,56.999
1296,64800.000,55.772
1297,64850.000,62.239
1298,64900.000,60.213
1299,64950.000,57.357
1300,65000.000,58.553
1301,65050.000,62.428
1302,65100.000,67.901
1303,65150.000,59.868
1304,65200.000,68.370
1305,65250.000,58.121
1306,65300.000,53.033
1307,65350.000,53.921
1308,65400.000,55.645
1309,65450.000,48.051
1310,65500.000,46.035
1311,65550.000,46.996
1312,65600.000,50.385
1313,65650.000,48.232
1314,65700.000,48.585
1315,65750.000,48.138
1316,65800.000,45.541
1317,65850.000,42.944
1318,65900.000,38.922
1319,65950.000,35.956
1320,66000.000,34.348
1321,66050.000,35.560
1322,66100.000,47.321
1323,66150.000,52.192
1324,66200.000,61.659
1325,66250.000,50.234
1326,66300.000,80.524
1327,66350.000,57.804
1328,66400.000,57.014
1329,66450.000,29.310
1330,66500.000,25.985
1331,66550.000,25.555
1332,66600.000,27.138
1333,66610.890,18.410
